id,name,niche,description,format,references,concepts,status,video_url,date_added,date_published
1,how black holes form,science,"explain on a highschool level what black holes are, then explain how a star becomes a black hole, then explain the lifecycle of a black hole ending with its death to hawking radiation and explain how long this whole process will take",,,,in_production,,2026-05-23,
2,how are black holes formed,science,explain on a highschool level the physics of how black holes are formed,,,,in_production,,2026-05-23,
3,vader's injuries,star wars,describe the injuries darth vader suffered on mustafar and how they tormented him for the rest of his life,,,,in_production,,2026-05-23,
4,trench crusade intro,trench crusade,give a brief introduction to the lore and setting of trench crusade,,,,in_production,,2026-05-23,
5,flumph,dnd,"explain the lore and ecology of the dnd flumph, as well as the publication history",,,,in_production,,2026-05-24,
8,Dark Forest Theory,Sience Theory,"Describe the Fermi Paradox, then explain why the Dark Forest Hypothesis is a possible solution.",10min,"https://en.wikipedia.org/wiki/Dark_forest_hypothesis
https://en.wikipedia.org/wiki/Voyager_Golden_Record","Start with an analogy which symbolically represents the theory: a hunter prowls through the woods with a silent, eerie atmosphere. He happens upon some prey - another human whistling pleasantly as he hikes through the forest. the hunter raises his rifle takes a minute to steady himself, then a shot rings out. the hunter collapses to the ground, slain by another hunter with far better technology (a guillie suit). The hiker looks about, confused, then continues on his way as the second hunter now raises his rifle at the hiker and the scene ends.

then cycle between images of either cosmic darkness, or sci-fi inter-species warfare of spaceships attacking each other. the dialogue here focuses on explaining the fermi paradox, and the dark forest theory.

Then, we show images of human advancements as we colonize the solar systems, showing ships making landing on familiar plannets like mars or one of jupyter's moons with jupyter in the background, or human ships taking off outside of the solar system into the galaxy at large. the dialogue here recaps the efforts humans have made to make contact with alien species. make the tone ominous, and conclude with a warning about how humanity may be making a fatal mistake to end our civilization.",in_production,,2026-06-12,
